{
  "coverage_chart": {
    "enterprise": {
      "platform": 100.0,
      "software_link": 68.2,
      "cve_link": 2.3
    },
    "mobile": {
      "platform": 100.0,
      "software_link": 87.1,
      "cve_link": 0.0
    },
    "ics": {
      "platform": 98.8,
      "software_link": 80.7,
      "cve_link": 1.2
    },
    "capec": {
      "platform": 0.0,
      "software_link": 0.0,
      "cve_link": 0.0
    },
    "fight": {
      "platform": 100.0,
      "software_link": 63.1,
      "cve_link": 1.2
    }
  },
  "software_specificity": {
    "total_software": 784,
    "no_version_no_cpe": 765,
    "version_no_cpe": 19,
    "with_cpe": 0,
    "no_version_no_cpe_pct": 97.6,
    "version_no_cpe_pct": 2.4,
    "with_cpe_pct": 0.0
  },
  "cve_location": {
    "structured_count": 21,
    "freetext_only_count": 5,
    "total": 26
  },
  "jaccard_cdf": {
    "software_only_distances": [
      0.6923076923076923,
      0.6666666666666667,
      0.6,
      0.6956521739130435,
      0.8666666666666667,
      0.8461538461538461,
      0.9743589743589743,
      0.6666666666666667,
      0.6666666666666667,
      0.7142857142857143,
      0.7631578947368421,
      0.0,
      0.75,
      0.9333333333333333,
      0.75,
      0.8571428571428572,
      0.8333333333333334,
      0.7777777777777778,
      0.8,
      0.6363636363636364,
      0.8571428571428572,
      1.0,
      1.0,
      0.75,
      0.6363636363636364,
      0.8620689655172413,
      0.8,
      0.7948717948717949,
      1.0,
      0.8333333333333334,
      0.7142857142857143,
      0.6666666666666667,
      0.9090909090909091,
      0.9024390243902439,
      1.0,
      0.75,
      0.7894736842105263,
      0.0,
      0.6666666666666667,
      0.5714285714285714,
      0.5,
      0.5714285714285714,
      0.8813559322033898,
      0.75,
      0.6666666666666667,
      0.75,
      0.75,
      0.7857142857142857,
      0.8518518518518519,
      0.8,
      0.8333333333333334,
      0.8333333333333334,
      0.8,
      1.0,
      0.8,
      0.7777777777777778,
      0.8823529411764706,
      0.775,
      0.8181818181818181,
      0.9696969696969697,
      0.6666666666666667,
      0.825,
      0.0,
      0.6363636363636364,
      0.7777777777777778,
      0.8235294117647058,
      1.0,
      1.0,
      0.7941176470588236,
      0.7692307692307692,
      0.8333333333333334,
      0.6666666666666667,
      0.5,
      0.8,
      0.8333333333333334,
      0.0,
      0.6666666666666667,
      0.9285714285714286,
      0.6666666666666667,
      0.6976744186046512,
      0.7272727272727273,
      0.7142857142857143,
      0.5,
      1.0,
      0.7307692307692308,
      0.5,
      0.75,
      0.782608695652174,
      0.0,
      0.8333333333333334,
      0.9166666666666666,
      0.7857142857142857,
      1.0,
      1.0,
      0.5,
      0.0,
      0.0,
      1.0,
      0.5,
      0.8571428571428572,
      0.6,
      1.0,
      1.0,
      0.8888888888888888,
      0.6923076923076923,
      0.6976744186046512,
      0.75,
      0.8888888888888888,
      0.8235294117647058,
      1.0,
      0.8333333333333334,
      0.5,
      0.8571428571428572,
      1.0,
      0.75,
      1.0,
      1.0,
      0.9444444444444444,
      0.8571428571428572,
      1.0,
      1.0,
      0.6,
      0.0,
      0.8214285714285714,
      0.7692307692307692,
      1.0,
      1.0,
      1.0,
      0.7857142857142857,
      0.0,
      1.0,
      0.8518518518518519,
      0.8181818181818181,
      0.9,
      1.0,
      0.8,
      0.5,
      0.33333333333333337,
      0.6666666666666667,
      0.0,
      0.0,
      0.8333333333333334,
      0.5,
      0.6363636363636364,
      0.8,
      0.8888888888888888,
      0.7777777777777778,
      0.0,
      0.625,
      0.0,
      1.0,
      0.5,
      1.0,
      0.33333333333333337,
      1.0,
      0.0,
      0.8571428571428572,
      0.7777777777777778,
      0.9411764705882353,
      0.5,
      0.0,
      0.6666666666666667,
      0.8333333333333334,
      1.0,
      0.0,
      1.0,
      0.75,
      1.0,
      0.5,
      1.0,
      0.5,
      1.0
    ],
    "software_cve_distances": [
      0.6923076923076923,
      0.6666666666666667,
      0.6,
      0.6956521739130435,
      0.8666666666666667,
      0.8461538461538461,
      0.9743589743589743,
      0.6666666666666667,
      0.6666666666666667,
      0.7142857142857143,
      0.7631578947368421,
      0.0,
      0.75,
      0.9333333333333333,
      0.75,
      0.8571428571428572,
      0.8333333333333334,
      0.7777777777777778,
      0.8,
      0.6363636363636364,
      0.8571428571428572,
      1.0,
      1.0,
      0.75,
      0.6363636363636364,
      0.8620689655172413,
      0.8,
      0.7948717948717949,
      1.0,
      0.8421052631578947,
      0.7333333333333334,
      0.6666666666666667,
      0.8695652173913043,
      0.9024390243902439,
      1.0,
      0.75,
      0.7894736842105263,
      0.0,
      0.6666666666666667,
      0.5714285714285714,
      0.5,
      0.5714285714285714,
      0.8813559322033898,
      0.75,
      0.7,
      0.75,
      0.75,
      0.7857142857142857,
      0.8571428571428572,
      0.8,
      0.8333333333333334,
      0.8333333333333334,
      0.8,
      1.0,
      0.8,
      0.7777777777777778,
      0.8823529411764706,
      0.775,
      0.8181818181818181,
      0.9696969696969697,
      0.6666666666666667,
      0.825,
      0.0,
      0.6363636363636364,
      0.7777777777777778,
      0.8235294117647058,
      1.0,
      1.0,
      0.7941176470588236,
      0.7692307692307692,
      0.8333333333333334,
      0.6666666666666667,
      0.5,
      0.8,
      0.8333333333333334,
      0.0,
      0.6666666666666667,
      0.9285714285714286,
      0.6666666666666667,
      0.6976744186046512,
      0.7272727272727273,
      0.7142857142857143,
      0.5,
      1.0,
      0.7307692307692308,
      0.5,
      0.75,
      0.782608695652174,
      0.0,
      0.8333333333333334,
      0.9230769230769231,
      0.7857142857142857,
      1.0,
      1.0,
      0.5,
      0.0,
      0.0,
      1.0,
      0.5,
      0.8571428571428572,
      0.6,
      1.0,
      1.0,
      0.8888888888888888,
      0.6923076923076923,
      0.6976744186046512,
      0.75,
      0.8888888888888888,
      0.8235294117647058,
      1.0,
      0.8333333333333334,
      0.5,
      0.8571428571428572,
      1.0,
      0.75,
      1.0,
      1.0,
      0.9444444444444444,
      0.8571428571428572,
      1.0,
      1.0,
      0.6,
      0.0,
      0.8214285714285714,
      0.7692307692307692,
      1.0,
      1.0,
      1.0,
      0.7857142857142857,
      0.0,
      1.0,
      0.8571428571428572,
      0.8181818181818181,
      0.9,
      1.0,
      0.8,
      0.5,
      0.33333333333333337,
      0.6666666666666667,
      0.0,
      0.0,
      0.8333333333333334,
      0.5,
      0.6363636363636364,
      0.8,
      0.8888888888888888,
      0.7777777777777778,
      0.0,
      0.625,
      0.0,
      1.0,
      0.5,
      1.0,
      0.33333333333333337,
      1.0,
      0.0,
      0.8571428571428572,
      0.7777777777777778,
      0.9411764705882353,
      0.5,
      0.0,
      0.6666666666666667,
      0.8333333333333334,
      1.0,
      0.0,
      1.0,
      0.75,
      1.0,
      0.5,
      1.0,
      0.5,
      1.0
    ],
    "delta_threshold": 0.1
  },
  "compatibility_table": {
    "cf": 19,
    "vmr": 526,
    "id": 146
  }
}